Time,Value,Positional_Similarity,LeLd,LeRd,ReLd,ReRd
2024-03-09 01:31:09,YourValueHere,1.19,58,51,55,51
2024-03-09 01:31:09,YourValueHere,1.17,48,57,61,44
2024-03-09 01:31:09,YourValueHere,1.14,48,57,61,46
2024-03-09 01:31:09,YourValueHere,1.16,52,56,60,48
2024-03-09 01:31:09,YourValueHere,1.22,52,55,61,48
2024-03-09 01:31:09,YourValueHere,1.05,55,51,51,50
2024-03-09 01:31:09,YourValueHere,1.16,56,48,52,53
2024-03-09 01:31:09,YourValueHere,1.14,59,48,51,54
2024-03-09 01:31:09,YourValueHere,1.21,53,52,56,46
2024-03-09 01:31:09,YourValueHere,1.08,52,58,58,45
2024-03-09 01:31:09,YourValueHere,1.2,51,54,59,47
2024-03-09 01:31:09,YourValueHere,1.2,50,55,59,44
2024-03-09 01:31:09,YourValueHere,1.2,50,53,58,46
2024-03-09 01:31:09,YourValueHere,1.52,53,54,65,42
2024-03-09 01:31:09,YourValueHere,1.25,51,53,59,46
2024-03-09 01:31:09,YourValueHere,1.21,49,55,60,44
2024-03-09 01:31:09,YourValueHere,1.11,56,49,51,51
2024-03-09 01:31:09,YourValueHere,1.21,58,47,52,53
2024-03-09 01:31:09,YourValueHere,1.18,59,46,50,54
2024-03-09 01:31:09,YourValueHere,1.07,58,46,48,57
2024-03-09 01:31:09,YourValueHere,1.19,52,55,59,46
2024-03-09 01:31:09,YourValueHere,1.2,56,48,53,52
2024-03-09 01:31:09,YourValueHere,1.11,47,55,59,47
2024-03-09 01:31:09,YourValueHere,1.3,51,51,58,45
2024-03-09 01:31:09,YourValueHere,1.04,47,56,58,48
2024-03-09 01:31:09,YourValueHere,2.17,53,48,70,38
2024-03-09 01:31:09,YourValueHere,1.18,47,53,58,45
2024-03-09 01:31:09,YourValueHere,1.26,50,51,58,47
2024-03-09 01:31:09,YourValueHere,1.32,44,52,63,46
2024-03-09 01:31:09,YourValueHere,1.04,45,56,58,46
2024-03-09 01:31:09,YourValueHere,1.39,51,47,58,50
2024-03-09 01:31:09,YourValueHere,1.58,54,41,55,51
2024-03-09 01:31:09,YourValueHere,1.3,50,50,59,49
2024-03-09 01:31:09,YourValueHere,1.41,55,47,58,52
2024-03-09 01:31:09,YourValueHere,1.5,52,44,58,53
2024-03-09 01:31:09,YourValueHere,1.61,52,40,56,54
2024-03-09 01:31:09,YourValueHere,1.28,48,48,58,52
2024-03-09 01:31:09,YourValueHere,1.53,53,44,57,49
2024-03-09 01:31:09,YourValueHere,1.56,52,46,60,48
2024-03-09 01:31:09,YourValueHere,1.14,47,51,56,48
2024-03-09 01:31:09,YourValueHere,1.28,58,42,50,59
2024-03-09 01:31:09,YourValueHere,1.25,56,44,51,55
2024-03-09 01:31:09,YourValueHere,1.39,58,43,53,55
2024-03-09 01:31:09,YourValueHere,1.27,54,46,54,54
2024-03-09 01:31:09,YourValueHere,1.2,55,49,55,54
2024-03-09 01:31:09,YourValueHere,1.1,52,52,56,54
2024-03-09 01:31:09,YourValueHere,1.34,56,45,54,53
2024-03-09 01:31:09,YourValueHere,1.01,53,51,52,57
2024-03-09 01:31:09,YourValueHere,1.34,55,46,55,52
2024-03-09 01:31:09,YourValueHere,1.24,52,48,54,48
2024-03-09 01:31:09,YourValueHere,1.24,54,47,54,53
2024-03-09 01:31:09,YourValueHere,1.12,52,50,54,52
2024-03-09 01:31:09,YourValueHere,1.25,55,47,55,56
2024-03-09 01:31:09,YourValueHere,1.14,53,48,53,55
2024-03-09 01:31:09,YourValueHere,1.24,56,45,52,56
2024-03-09 01:31:09,YourValueHere,1.25,56,47,54,54
2024-03-09 01:31:09,YourValueHere,1.25,54,44,51,53
2024-03-09 01:31:09,YourValueHere,1.24,54,50,57,52
2024-03-09 01:31:09,YourValueHere,1.14,53,50,55,54
2024-03-09 01:31:09,YourValueHere,1.08,53,50,53,54
2024-03-09 01:31:09,YourValueHere,1.69,48,54,71,41
2024-03-09 01:31:09,YourValueHere,1.19,55,47,52,52
2024-03-09 01:31:09,YourValueHere,1.11,52,46,50,54
2024-03-09 01:31:09,YourValueHere,1.14,54,47,52,56
2024-03-09 01:31:09,YourValueHere,1.05,62,49,48,52
2024-03-09 01:31:09,YourValueHere,1.13,61,48,49,50
2024-03-09 01:31:09,YourValueHere,1.18,58,49,53,52
2024-03-09 01:31:09,YourValueHere,1.17,60,51,53,49
2024-03-09 01:31:09,YourValueHere,1.1,54,49,51,50
2024-03-09 01:31:09,YourValueHere,1.14,57,51,53,49
2024-03-09 01:31:09,YourValueHere,1.02,55,53,52,50
2024-03-09 01:31:09,YourValueHere,1.06,57,51,51,51
2024-03-09 01:31:09,YourValueHere,1.04,59,52,51,51
2024-03-09 01:31:09,YourValueHere,1.0,56,54,52,50
2024-03-09 01:31:09,YourValueHere,1.03,58,53,52,52
2024-03-09 01:31:09,YourValueHere,1.02,58,54,52,50
2024-03-09 01:31:09,YourValueHere,1.01,57,53,51,50
2024-03-09 01:31:09,YourValueHere,1.01,56,53,52,52
2024-03-09 01:31:09,YourValueHere,1.02,57,54,52,49
2024-03-09 01:31:09,YourValueHere,1.03,59,54,50,50
2024-03-09 01:31:09,YourValueHere,1.05,57,53,52,49
2024-03-09 01:31:09,YourValueHere,1.06,56,52,52,50
2024-03-09 01:31:09,YourValueHere,1.01,49,60,58,45
2024-03-09 01:31:09,YourValueHere,1.29,47,65,68,35
2024-03-09 01:31:09,YourValueHere,1.13,41,75,74,33
2024-03-09 01:31:09,YourValueHere,1.23,39,62,69,37
2024-03-09 01:31:09,YourValueHere,1.12,53,55,56,45
2024-03-09 01:31:09,YourValueHere,1.04,52,62,59,42
2024-03-09 01:31:09,YourValueHere,1.15,48,59,62,43
2024-03-09 01:31:09,YourValueHere,1.28,53,54,60,45
2024-03-09 01:31:09,YourValueHere,1.22,51,57,62,45
2024-03-09 01:31:09,YourValueHere,1.18,44,66,60,45
2024-03-09 01:31:09,YourValueHere,1.52,53,49,60,43
2024-03-09 01:31:09,YourValueHere,1.33,51,52,58,41
2024-03-09 01:31:09,YourValueHere,1.42,52,48,59,48
2024-03-09 01:31:09,YourValueHere,1.45,46,57,69,41
2024-03-09 01:31:09,YourValueHere,1.52,52,48,59,43
2024-03-09 01:31:09,YourValueHere,1.43,54,46,55,45
2024-03-09 01:31:09,YourValueHere,1.43,54,48,57,45
2024-03-09 01:31:09,YourValueHere,1.2,57,46,52,57
2024-03-09 01:31:09,YourValueHere,1.13,59,48,51,55
2024-03-09 01:31:09,YourValueHere,1.11,57,47,50,55
2024-03-09 01:31:09,YourValueHere,1.24,56,46,53,55
2024-03-09 01:31:09,YourValueHere,1.25,39,65,60,46
2024-03-09 01:31:09,YourValueHere,1.27,57,43,50,55
2024-03-09 01:31:09,YourValueHere,1.2,58,45,49,51
2024-03-09 01:31:09,YourValueHere,1.2,58,47,52,54
2024-03-09 01:31:09,YourValueHere,1.16,56,45,49,53
2024-03-09 01:31:09,YourValueHere,1.25,57,45,51,52
2024-03-09 01:31:09,YourValueHere,1.22,59,47,51,50
2024-03-09 01:31:09,YourValueHere,1.12,55,45,48,53
2024-03-09 01:31:09,YourValueHere,1.24,57,46,52,53
2024-03-09 01:31:09,YourValueHere,1.33,52,51,58,44
2024-03-09 01:31:09,YourValueHere,1.46,53,49,59,44
2024-03-09 01:31:09,YourValueHere,1.29,51,51,58,46
2024-03-09 01:31:09,YourValueHere,1.2,51,53,58,47
2024-03-09 01:31:09,YourValueHere,1.4,51,50,60,46
2024-03-09 01:31:09,YourValueHere,1.2,48,51,57,47
2024-03-09 01:31:09,YourValueHere,1.17,47,52,57,46
2024-03-09 01:31:09,YourValueHere,1.56,52,47,60,45
2024-03-09 01:31:09,YourValueHere,1.16,48,53,58,47
2024-03-09 01:31:09,YourValueHere,1.38,52,48,57,46
2024-03-09 01:31:09,YourValueHere,1.25,47,52,60,47
2024-03-09 01:31:09,YourValueHere,1.27,49,49,57,48
2024-03-09 01:31:09,YourValueHere,1.42,51,49,59,45
2024-03-09 01:31:09,YourValueHere,1.32,49,49,57,45
2024-03-09 01:31:09,YourValueHere,1.32,48,50,59,46
2024-03-09 01:31:09,YourValueHere,1.29,47,50,58,45
2024-03-09 01:31:09,YourValueHere,1.33,50,50,58,45
2024-03-09 01:31:09,YourValueHere,1.27,48,49,57,47
2024-03-09 01:31:09,YourValueHere,1.04,52,45,47,55
2024-03-09 01:31:09,YourValueHere,1.12,55,46,50,56
2024-03-09 01:31:09,YourValueHere,1.29,57,45,52,52
2024-03-09 01:31:09,YourValueHere,1.09,56,48,50,53
2024-03-09 01:31:09,YourValueHere,1.13,57,48,51,53
2024-03-09 01:31:09,YourValueHere,1.01,54,50,50,53
2024-03-09 01:31:09,YourValueHere,1.34,58,45,53,52
2024-03-09 01:31:09,YourValueHere,1.09,56,50,51,50
2024-03-09 01:31:09,YourValueHere,1.09,43,60,64,44
2024-03-09 01:31:09,YourValueHere,1.49,60,46,56,48
2024-03-09 01:31:09,YourValueHere,1.18,55,48,52,50
2024-03-09 01:31:09,YourValueHere,1.13,59,49,51,52
2024-03-09 01:31:09,YourValueHere,1.07,57,50,51,53
2024-03-09 01:31:09,YourValueHere,1.08,52,54,51,51
2024-03-09 01:31:09,YourValueHere,1.03,56,51,49,53
2024-03-09 01:31:09,YourValueHere,1.15,55,48,51,50
2024-03-09 01:31:09,YourValueHere,1.1,54,48,50,50
2024-03-09 01:31:09,YourValueHere,1.08,53,50,52,51
2024-03-09 01:31:09,YourValueHere,1.05,53,49,50,51
2024-03-09 01:31:09,YourValueHere,1.09,54,49,51,51
2024-03-09 01:31:09,YourValueHere,1.2,56,49,53,49
2024-03-09 01:31:09,YourValueHere,1.04,56,50,50,52
2024-03-09 01:31:09,YourValueHere,1.04,59,51,50,51
2024-03-09 01:31:09,YourValueHere,1.08,56,49,50,51
2024-03-09 01:31:09,YourValueHere,1.12,58,49,51,52
2024-03-09 01:31:09,YourValueHere,1.11,54,48,51,52
2024-03-09 01:31:09,YourValueHere,1.17,55,47,51,51
2024-03-09 01:31:09,YourValueHere,1.1,58,50,51,51
2024-03-09 01:31:09,YourValueHere,1.13,55,50,52,48
2024-03-09 01:31:09,YourValueHere,1.19,52,47,52,50
2024-03-09 01:31:09,YourValueHere,1.1,58,49,50,51
2024-03-09 01:31:09,YourValueHere,1.13,55,53,54,46
2024-03-09 01:31:09,YourValueHere,1.25,55,48,54,50
2024-03-09 01:31:09,YourValueHere,1.02,54,53,51,50
2024-03-09 01:31:09,YourValueHere,1.03,54,51,51,51
2024-03-09 01:31:09,YourValueHere,1.16,57,49,52,50
2024-03-09 01:31:09,YourValueHere,1.04,58,52,51,50
2024-03-09 01:31:09,YourValueHere,1.05,55,51,52,53
2024-03-09 01:31:09,YourValueHere,1.1,57,50,51,50
2024-03-09 01:31:09,YourValueHere,1.09,56,52,53,50
2024-03-09 01:31:09,YourValueHere,1.01,53,53,52,49
2024-03-09 01:31:09,YourValueHere,1.07,56,50,51,52
2024-03-09 01:31:09,YourValueHere,1.02,58,53,51,50
2024-03-09 01:31:09,YourValueHere,1.05,55,52,52,50
2024-03-09 01:31:09,YourValueHere,1.1,57,48,49,50
2024-03-09 01:31:09,YourValueHere,1.08,57,50,51,52
2024-03-09 01:31:09,YourValueHere,1.14,57,49,51,49
2024-03-09 01:31:09,YourValueHere,1.02,57,53,50,50
2024-03-09 01:31:09,YourValueHere,1.14,56,50,52,48
2024-03-09 01:31:09,YourValueHere,1.1,54,51,53,50
2024-03-09 01:31:09,YourValueHere,1.03,55,51,51,52
2024-03-09 01:31:09,YourValueHere,1.13,61,50,51,50
2024-03-09 01:31:09,YourValueHere,1.11,58,51,52,50
2024-03-09 01:31:09,YourValueHere,1.08,55,50,51,50
2024-03-09 01:31:09,YourValueHere,1.06,56,54,50,50
2024-03-09 01:31:09,YourValueHere,1.05,55,52,52,50
2024-03-09 01:31:09,YourValueHere,1.12,55,54,55,47
2024-03-09 01:31:09,YourValueHere,1.01,54,56,53,47
2024-03-09 01:31:09,YourValueHere,1.03,54,55,54,48
2024-03-09 01:31:09,YourValueHere,1.17,57,53,55,47
2024-03-09 01:31:09,YourValueHere,1.06,56,54,53,47
2024-03-09 01:31:09,YourValueHere,1.52,53,56,66,40
2024-03-09 01:31:09,YourValueHere,1.15,52,51,54,47
2024-03-09 01:31:09,YourValueHere,1.08,54,52,53,49
2024-03-09 01:31:09,YourValueHere,1.22,54,49,53,46
2024-03-09 01:31:09,YourValueHere,1.13,53,51,53,47
2024-03-09 01:31:09,YourValueHere,1.14,54,51,54,49
2024-03-09 01:31:09,YourValueHere,1.0,53,53,52,50
2024-03-09 01:31:09,YourValueHere,1.06,51,49,51,51
2024-03-09 01:31:09,YourValueHere,1.05,54,52,53,52
2024-03-09 01:31:09,YourValueHere,1.12,54,50,53,51
2024-03-09 01:31:09,YourValueHere,1.22,57,48,53,51
2024-03-09 01:31:09,YourValueHere,1.23,56,47,52,50
2024-03-09 01:31:09,YourValueHere,1.04,56,50,50,52
2024-03-09 01:31:09,YourValueHere,1.12,54,53,54,46
2024-03-09 01:31:09,YourValueHere,1.15,55,51,53,47
2024-03-09 01:31:09,YourValueHere,1.21,50,49,54,46
2024-03-09 01:31:09,YourValueHere,1.08,50,51,54,51
2024-03-09 01:31:09,YourValueHere,1.49,55,50,60,44
2024-03-09 01:31:09,YourValueHere,1.4,57,44,53,50
2024-03-09 01:31:09,YourValueHere,1.04,53,58,55,49
2024-03-09 01:31:09,YourValueHere,1.24,51,50,56,47
2024-03-09 01:31:09,YourValueHere,1.17,49,50,55,48
2024-03-09 01:31:09,YourValueHere,1.05,55,48,49,53
2024-03-09 01:31:09,YourValueHere,1.07,58,48,49,53
2024-03-09 01:31:09,YourValueHere,1.0,56,49,48,52
2024-03-09 01:31:09,YourValueHere,1.14,56,48,51,51
2024-03-09 01:31:09,YourValueHere,1.17,57,48,51,50
2024-03-09 01:31:09,YourValueHere,1.09,56,49,50,50
2024-03-09 01:31:09,YourValueHere,1.34,57,43,52,55
2024-03-09 01:31:09,YourValueHere,1.07,56,49,50,52
2024-03-09 01:31:09,YourValueHere,1.07,55,52,53,51
2024-03-09 01:31:09,YourValueHere,1.03,55,52,50,52
2024-03-09 01:31:09,YourValueHere,1.21,58,47,52,53
2024-03-09 01:31:09,YourValueHere,1.09,59,49,50,52
2024-03-09 01:31:09,YourValueHere,1.1,57,50,52,53
2024-03-09 01:31:09,YourValueHere,1.04,56,49,50,55
2024-03-09 01:31:09,YourValueHere,1.0,41,61,62,43
2024-03-09 01:31:09,YourValueHere,1.27,53,53,59,46
2024-03-09 01:31:09,YourValueHere,1.17,55,47,51,51
2024-03-09 01:31:09,YourValueHere,1.11,54,45,49,56
2024-03-09 01:31:09,YourValueHere,1.17,57,46,50,53
2024-03-09 01:31:09,YourValueHere,1.01,53,50,50,54
2024-03-09 01:31:09,YourValueHere,1.05,51,52,51,53
2024-03-09 01:31:09,YourValueHere,1.25,58,47,53,53
2024-03-09 01:31:09,YourValueHere,1.17,57,46,50,53
2024-03-09 01:31:09,YourValueHere,1.03,47,55,57,49
2024-03-09 01:31:09,YourValueHere,1.06,50,47,50,54
2024-03-09 01:31:09,YourValueHere,1.09,54,47,50,55
2024-03-09 01:31:09,YourValueHere,1.07,53,55,51,48
2024-03-09 01:31:09,YourValueHere,1.05,52,53,53,47
2024-03-09 01:31:09,YourValueHere,1.0,48,57,56,46
2024-03-09 01:31:09,YourValueHere,1.28,48,49,58,49
2024-03-09 01:31:09,YourValueHere,1.16,48,55,60,47
2024-03-09 01:31:09,YourValueHere,1.22,48,51,59,50
2024-03-09 01:31:09,YourValueHere,1.25,51,51,59,51
2024-03-09 01:31:09,YourValueHere,1.46,48,47,62,52
2024-03-09 01:31:09,YourValueHere,1.89,53,46,66,45
2024-03-09 01:31:09,YourValueHere,1.38,48,48,58,45
2024-03-09 01:31:09,YourValueHere,1.33,52,53,61,46
2024-03-09 01:31:09,YourValueHere,1.46,47,47,62,51
2024-03-09 01:31:09,YourValueHere,1.51,50,46,62,54
2024-03-09 01:31:09,YourValueHere,1.46,49,46,61,54
2024-03-09 01:31:09,YourValueHere,1.36,51,46,58,55
2024-03-09 01:31:09,YourValueHere,1.33,49,48,58,49
2024-03-09 01:31:09,YourValueHere,1.63,54,42,57,50
2024-03-09 01:31:09,YourValueHere,1.63,50,42,59,52
2024-03-09 01:31:09,YourValueHere,1.27,50,49,57,49
2024-03-09 01:31:09,YourValueHere,1.48,47,53,64,40
2024-03-09 01:31:09,YourValueHere,1.68,26,74,66,42
2024-03-09 01:31:09,YourValueHere,1.12,48,52,56,48
2024-03-09 01:31:09,YourValueHere,1.4,52,48,57,45
2024-03-09 01:31:09,YourValueHere,1.25,49,50,58,49
2024-03-09 01:31:09,YourValueHere,1.14,50,54,57,46
2024-03-09 01:31:09,YourValueHere,1.2,50,53,58,46
2024-03-09 01:31:09,YourValueHere,1.23,51,50,56,48
2024-03-09 01:31:09,YourValueHere,1.19,50,53,59,49
2024-03-09 01:31:09,YourValueHere,1.22,49,49,57,52
2024-03-09 01:31:09,YourValueHere,1.29,52,50,58,49
2024-03-09 01:31:09,YourValueHere,1.31,48,47,57,50
2024-03-09 01:31:09,YourValueHere,1.37,54,50,60,50
2024-03-09 01:31:09,YourValueHere,1.27,48,49,58,50
2024-03-09 01:31:09,YourValueHere,1.29,48,49,58,48
2024-03-09 01:31:09,YourValueHere,1.79,51,48,68,47
2024-03-09 01:31:09,YourValueHere,1.03,47,57,57,50
2024-03-09 01:31:09,YourValueHere,1.27,42,58,68,43
2024-03-09 01:31:09,YourValueHere,1.57,52,45,60,50
2024-03-09 01:31:09,YourValueHere,1.18,48,50,57,51
2024-03-09 01:31:09,YourValueHere,1.55,52,45,59,49
2024-03-09 01:31:09,YourValueHere,1.37,48,47,59,51
2024-03-09 01:31:09,YourValueHere,1.35,52,49,59,50
2024-03-09 01:31:09,YourValueHere,1.37,51,49,59,48
2024-03-09 01:31:09,YourValueHere,1.27,50,50,58,49
2024-03-09 01:31:09,YourValueHere,1.42,52,45,57,52
2024-03-09 01:31:09,YourValueHere,1.46,55,47,59,51
2024-03-09 01:31:09,YourValueHere,1.37,51,49,61,53
2024-03-09 01:31:09,YourValueHere,1.36,55,44,53,51
2024-03-09 01:31:09,YourValueHere,1.31,48,44,54,52
2024-03-09 01:31:09,YourValueHere,1.25,48,50,59,51
2024-03-09 01:31:09,YourValueHere,1.35,50,48,59,51
2024-03-09 01:31:09,YourValueHere,1.26,49,49,58,51
2024-03-09 01:31:09,YourValueHere,1.39,52,50,60,47
2024-03-09 01:31:09,YourValueHere,1.46,49,46,59,49
2024-03-09 01:31:09,YourValueHere,1.32,48,50,59,46
2024-03-09 01:31:09,YourValueHere,1.31,51,49,57,47
2024-03-09 01:31:09,YourValueHere,1.3,47,62,70,42
2024-03-09 01:31:09,YourValueHere,1.37,53,50,59,47
2024-03-09 01:31:09,YourValueHere,1.36,47,52,62,44
2024-03-09 01:31:09,YourValueHere,1.47,42,55,68,39
2024-03-09 01:31:09,YourValueHere,1.34,51,49,59,50
2024-03-09 01:31:09,YourValueHere,1.38,52,49,59,48
2024-03-09 01:31:09,YourValueHere,1.31,54,49,57,50
2024-03-09 01:31:09,YourValueHere,1.34,49,50,60,48
2024-03-09 01:31:09,YourValueHere,1.54,54,47,61,50
2024-03-09 01:31:09,YourValueHere,1.57,52,44,59,51
2024-03-09 01:31:09,YourValueHere,1.45,50,47,60,50
2024-03-09 01:31:09,YourValueHere,1.51,51,46,60,50
2024-03-09 01:31:09,YourValueHere,1.44,53,48,60,50
2024-03-09 01:31:09,YourValueHere,1.61,53,48,63,47
2024-03-09 01:31:09,YourValueHere,1.35,51,49,58,47
2024-03-09 01:31:09,YourValueHere,1.25,50,51,59,50
2024-03-09 01:31:09,YourValueHere,1.11,32,73,71,35
2024-03-09 01:31:09,YourValueHere,1.58,51,53,68,45
2024-03-09 01:31:09,YourValueHere,1.46,52,45,58,52
2024-03-09 01:31:09,YourValueHere,1.26,51,49,57,51
2024-03-09 01:31:09,YourValueHere,1.24,48,49,58,52
2024-03-09 01:31:09,YourValueHere,1.48,53,44,57,52
2024-03-09 01:31:09,YourValueHere,1.35,48,49,60,49
2024-03-09 01:31:09,YourValueHere,1.53,53,45,59,51
2024-03-09 01:31:09,YourValueHere,1.45,51,47,60,51
2024-03-09 01:31:09,YourValueHere,1.7,54,43,61,53
2024-03-09 01:31:09,YourValueHere,1.43,50,44,57,53
2024-03-09 01:31:09,YourValueHere,1.4,57,42,53,57
2024-03-09 01:31:09,YourValueHere,1.21,57,47,53,55
2024-03-09 01:31:09,YourValueHere,1.35,61,44,52,54
2024-03-09 01:31:09,YourValueHere,1.22,58,48,54,55
2024-03-09 01:31:09,YourValueHere,1.3,53,45,54,54
2024-03-09 01:31:09,YourValueHere,1.2,55,46,52,55
2024-03-09 01:31:09,YourValueHere,1.1,56,49,52,55
2024-03-09 01:31:09,YourValueHere,1.17,57,48,52,53
2024-03-09 01:31:09,YourValueHere,1.08,54,49,52,55
2024-03-09 01:31:09,YourValueHere,1.34,59,45,53,53
2024-03-09 01:31:09,YourValueHere,1.16,58,48,52,54
2024-03-09 01:31:09,YourValueHere,1.3,57,46,54,54
2024-03-09 01:31:09,YourValueHere,1.15,54,48,53,55
2024-03-09 01:31:09,YourValueHere,2.15,56,50,71,38
2024-03-09 01:31:09,YourValueHere,1.25,57,45,51,52
2024-03-09 01:31:09,YourValueHere,1.16,56,48,52,53
2024-03-09 01:31:09,YourValueHere,1.1,58,48,50,54
2024-03-09 01:31:09,YourValueHere,1.18,55,48,53,53
2024-03-09 01:31:09,YourValueHere,1.15,56,50,54,53
2024-03-09 01:31:09,YourValueHere,1.14,55,48,52,54
2024-03-09 01:31:09,YourValueHere,1.15,54,51,55,51
2024-03-09 01:31:09,YourValueHere,1.08,54,55,56,49
2024-03-09 01:31:09,YourValueHere,1.07,55,56,57,51
2024-03-09 01:31:09,YourValueHere,1.22,55,50,56,52
2024-03-09 01:31:09,YourValueHere,1.14,54,53,57,52
2024-03-09 01:31:09,YourValueHere,1.13,52,53,57,51
2024-03-09 01:31:09,YourValueHere,1.71,30,76,64,44
2024-03-09 01:31:09,YourValueHere,1.04,51,54,55,50
2024-03-09 01:31:09,YourValueHere,1.1,57,53,54,50
2024-03-09 01:31:09,YourValueHere,1.23,52,48,55,52
2024-03-09 01:31:09,YourValueHere,1.11,54,52,55,52
2024-03-09 01:31:09,YourValueHere,1.14,53,52,56,51
2024-03-09 01:31:09,YourValueHere,1.06,52,53,55,52
2024-03-09 01:31:09,YourValueHere,1.18,52,48,53,50
2024-03-09 01:31:09,YourValueHere,1.03,52,53,54,52
2024-03-09 01:31:09,YourValueHere,1.11,53,52,55,51
2024-03-09 01:31:09,YourValueHere,1.21,54,50,55,49
2024-03-09 01:31:09,YourValueHere,1.26,55,48,55,52
2024-03-09 01:31:09,YourValueHere,1.12,52,51,55,52
2024-03-09 01:31:09,YourValueHere,1.24,54,48,54,50
2024-03-09 01:31:09,YourValueHere,1.15,58,48,52,55
2024-03-09 01:31:09,YourValueHere,1.22,60,47,52,54
2024-03-09 01:31:09,YourValueHere,1.17,58,49,53,53
2024-03-09 01:31:09,YourValueHere,1.14,64,46,48,55
2024-03-09 01:31:09,YourValueHere,1.25,75,36,40,60
2024-03-09 01:31:09,YourValueHere,1.34,84,31,36,62
2024-03-09 01:31:09,YourValueHere,1.2,75,35,38,61
2024-03-09 01:31:09,YourValueHere,1.07,58,50,50,50
2024-03-09 01:31:09,YourValueHere,1.02,58,55,53,50
2024-03-09 01:31:09,YourValueHere,1.04,59,53,52,51
2024-03-09 01:31:09,YourValueHere,1.12,59,52,53,50
2024-03-09 01:31:09,YourValueHere,1.04,57,56,52,49
2024-03-09 01:31:09,YourValueHere,1.08,59,52,52,50
2024-03-09 01:31:09,YourValueHere,1.02,55,52,51,50
2024-03-09 01:31:09,YourValueHere,1.04,60,52,51,52
2024-03-09 01:31:09,YourValueHere,1.04,55,55,52,50
2024-03-09 01:31:09,YourValueHere,1.05,56,55,54,48
2024-03-09 01:31:09,YourValueHere,1.07,57,55,54,47
2024-03-09 01:31:09,YourValueHere,1.07,56,56,55,47
2024-03-09 01:31:09,YourValueHere,1.04,61,55,51,52
2024-03-09 01:31:09,YourValueHere,1.15,51,59,60,42
2024-03-09 01:31:09,YourValueHere,1.16,52,60,60,40
2024-03-09 01:31:09,YourValueHere,1.18,49,65,65,37
2024-03-09 01:31:09,YourValueHere,1.16,37,82,70,31
2024-03-09 01:31:09,YourValueHere,1.22,42,71,71,31
2024-03-09 01:31:09,YourValueHere,1.1,44,72,69,34
2024-03-09 01:31:09,YourValueHere,1.26,44,66,68,33
2024-03-09 01:31:09,YourValueHere,1.27,52,56,61,43
2024-03-09 01:31:09,YourValueHere,1.06,47,62,61,41
2024-03-09 01:31:09,YourValueHere,1.25,52,59,63,42
2024-03-09 01:31:09,YourValueHere,1.2,57,50,54,50
2024-03-09 01:31:09,YourValueHere,1.16,60,52,54,50
2024-03-09 01:31:09,YourValueHere,1.02,58,54,52,50
2024-03-09 01:31:09,YourValueHere,1.29,52,55,60,42
2024-03-09 01:31:09,YourValueHere,1.29,52,55,60,42
2024-03-09 01:31:09,YourValueHere,1.25,53,54,58,43
2024-03-09 01:31:09,YourValueHere,1.0,46,67,63,39
2024-03-09 01:31:09,YourValueHere,1.96,29,83,65,43
2024-03-09 01:31:09,YourValueHere,1.14,51,58,59,42
2024-03-09 01:31:09,YourValueHere,1.17,51,60,60,39
2024-03-09 01:31:09,YourValueHere,1.21,51,59,62,42
2024-03-09 01:31:09,YourValueHere,1.42,54,56,63,40
2024-03-09 01:31:09,YourValueHere,1.2,52,57,60,43
2024-03-09 01:31:09,YourValueHere,1.16,50,57,61,46
2024-03-09 01:31:09,YourValueHere,1.11,48,59,60,42
2024-03-09 01:31:09,YourValueHere,1.23,52,57,61,43
2024-03-09 01:31:09,YourValueHere,1.17,49,56,59,43
2024-03-09 01:31:09,YourValueHere,1.13,52,60,61,44
2024-03-09 01:31:09,YourValueHere,1.2,56,58,60,44
2024-03-09 01:31:09,YourValueHere,1.07,50,60,59,42
2024-03-09 01:31:09,YourValueHere,1.1,50,61,61,42
2024-03-09 01:31:09,YourValueHere,1.15,50,57,59,43
2024-03-09 01:31:09,YourValueHere,1.13,50,59,61,44
2024-03-09 01:31:09,YourValueHere,1.23,53,57,60,42
2024-03-09 01:31:09,YourValueHere,1.1,52,59,59,44
2024-03-09 01:31:09,YourValueHere,1.24,52,56,60,43
2024-03-09 01:31:09,YourValueHere,1.01,52,63,59,44
2024-03-09 01:31:09,YourValueHere,1.19,51,57,61,45
2024-03-09 01:31:09,YourValueHere,1.21,51,56,60,44
2024-03-09 01:31:09,YourValueHere,1.0,52,60,57,45
2024-03-09 01:31:09,YourValueHere,1.02,57,56,54,49
2024-03-09 01:31:09,YourValueHere,1.01,52,57,55,48
2024-03-09 01:31:09,YourValueHere,1.02,55,56,54,48
2024-03-09 01:31:09,YourValueHere,1.06,55,55,55,49
2024-03-09 01:31:09,YourValueHere,1.05,53,56,55,46
2024-03-09 01:31:09,YourValueHere,1.07,52,57,54,51
2024-03-09 01:31:09,YourValueHere,1.11,56,56,56,46
2024-03-09 01:31:09,YourValueHere,1.02,54,55,53,50
2024-03-09 01:31:09,YourValueHere,1.18,54,58,51,51
2024-03-09 01:31:09,YourValueHere,1.04,55,55,52,50
2024-03-09 01:31:09,YourValueHere,1.02,55,54,52,51
2024-03-09 01:31:09,YourValueHere,1.02,56,56,54,48
2024-03-09 01:31:09,YourValueHere,1.04,55,59,55,48
2024-03-09 01:31:09,YourValueHere,1.12,52,51,54,49
2024-03-09 01:31:09,YourValueHere,1.4,33,75,66,40
2024-03-09 01:31:09,YourValueHere,1.0,53,56,54,48
2024-03-09 01:31:09,YourValueHere,1.01,52,54,53,48
2024-03-09 01:31:09,YourValueHere,1.01,57,54,50,46
2024-03-09 01:31:09,YourValueHere,1.02,56,55,52,46
2024-03-09 01:31:09,YourValueHere,1.13,57,53,54,47
2024-03-09 01:31:09,YourValueHere,1.09,56,53,54,50
2024-03-09 01:31:09,YourValueHere,1.21,51,55,59,44
2024-03-09 01:31:09,YourValueHere,1.08,49,61,63,47
2024-03-09 01:31:09,YourValueHere,1.38,52,52,62,47
2024-03-09 01:31:09,YourValueHere,1.22,57,54,58,48
2024-03-09 01:31:09,YourValueHere,1.03,53,54,53,47
2024-03-09 01:31:09,YourValueHere,1.13,53,51,54,49
2024-03-09 01:31:09,YourValueHere,1.1,54,52,54,50
2024-03-09 01:31:09,YourValueHere,1.08,55,54,54,47
2024-03-09 01:31:09,YourValueHere,1.03,54,54,53,48
2024-03-09 01:31:09,YourValueHere,1.09,55,54,55,49
2024-03-09 01:31:09,YourValueHere,1.07,52,54,54,46
2024-03-09 01:31:09,YourValueHere,1.04,52,55,55,48
2024-03-09 01:31:09,YourValueHere,1.1,53,52,54,49
2024-03-09 01:31:09,YourValueHere,1.01,54,54,52,49
2024-03-09 01:31:09,YourValueHere,1.0,55,55,53,49
2024-03-09 01:31:09,YourValueHere,1.03,53,55,53,50
2024-03-09 01:31:09,YourValueHere,1.01,52,56,54,48
2024-03-09 01:31:09,YourValueHere,1.4,49,59,67,39
2024-03-09 01:31:09,YourValueHere,1.18,53,59,61,43
2024-03-09 01:31:09,YourValueHere,1.12,56,52,53,47
2024-03-09 01:31:09,YourValueHere,1.02,55,54,53,50
2024-03-09 01:31:09,YourValueHere,1.03,53,54,54,50
2024-03-09 01:31:09,YourValueHere,1.05,55,58,54,49
2024-03-09 01:31:09,YourValueHere,1.07,55,54,54,48
2024-03-09 01:31:09,YourValueHere,1.0,55,56,54,49
2024-03-09 01:31:09,YourValueHere,1.12,56,51,53,50
2024-03-09 01:31:09,YourValueHere,1.1,53,51,53,49
2024-03-09 01:31:09,YourValueHere,1.15,57,51,53,48
2024-03-09 01:31:09,YourValueHere,1.02,55,53,52,50
2024-03-09 01:31:09,YourValueHere,1.05,54,57,54,51
2024-03-09 01:31:09,YourValueHere,1.08,57,54,54,49
2024-03-09 01:31:09,YourValueHere,1.06,56,53,52,47
2024-03-09 01:31:09,YourValueHere,1.01,52,55,54,50
2024-03-09 01:31:09,YourValueHere,1.06,51,57,54,49
2024-03-09 01:31:09,YourValueHere,1.07,52,53,54,48
2024-03-09 01:31:09,YourValueHere,1.71,56,51,64,40
2024-03-09 01:31:09,YourValueHere,1.1,52,51,53,48
2024-03-09 01:31:09,YourValueHere,1.1,52,53,56,51
2024-03-09 01:31:09,YourValueHere,1.16,51,49,53,48
2024-03-09 01:31:09,YourValueHere,1.29,51,50,58,48
2024-03-09 01:31:09,YourValueHere,1.23,51,52,57,45
2024-03-09 01:31:09,YourValueHere,1.19,51,49,55,51
2024-03-09 01:31:09,YourValueHere,1.11,52,50,53,50
2024-03-09 01:31:09,YourValueHere,1.07,54,50,51,50
2024-03-09 01:31:09,YourValueHere,1.12,57,50,52,51
2024-03-09 01:31:09,YourValueHere,1.02,55,50,50,53
2024-03-09 01:31:09,YourValueHere,1.04,45,65,60,39
2024-03-09 01:31:09,YourValueHere,1.01,61,54,48,42
2024-03-09 01:31:09,YourValueHere,1.07,60,58,49,42
2024-03-09 01:31:09,YourValueHere,1.02,59,54,48,43
2024-03-09 01:31:09,YourValueHere,1.01,58,57,51,43
2024-03-09 01:31:09,YourValueHere,1.13,59,59,48,41
2024-03-09 01:31:09,YourValueHere,1.04,59,54,49,41
2024-03-09 01:31:09,YourValueHere,1.03,58,55,48,41
2024-03-09 01:31:09,YourValueHere,1.06,59,55,48,44
2024-03-09 01:31:09,YourValueHere,1.12,59,58,48,42
2024-03-09 01:31:09,YourValueHere,1.07,59,56,48,43
2024-03-09 01:31:09,YourValueHere,1.03,60,55,50,43
2024-03-09 01:31:09,YourValueHere,1.05,59,54,50,43
2024-03-09 01:31:09,YourValueHere,1.01,60,55,49,43
2024-03-09 01:31:09,YourValueHere,1.77,60,53,63,35
2024-03-09 01:31:09,YourValueHere,1.07,57,53,50,42
2024-03-09 01:31:09,YourValueHere,1.09,54,54,48,45
2024-03-09 01:31:09,YourValueHere,1.09,54,56,49,43
2024-03-09 01:31:09,YourValueHere,1.07,57,51,49,44
2024-03-09 01:31:09,YourValueHere,1.17,58,58,48,45
2024-03-09 01:31:09,YourValueHere,1.05,58,56,50,46
2024-03-09 01:31:09,YourValueHere,1.11,60,51,50,46
2024-03-09 01:31:09,YourValueHere,1.0,57,56,50,41
2024-03-09 01:31:09,YourValueHere,1.11,59,56,48,46
2024-03-09 01:31:09,YourValueHere,1.02,56,53,50,45
2024-03-09 01:31:09,YourValueHere,1.01,57,55,50,44
2024-03-09 01:31:09,YourValueHere,1.04,60,55,51,44
2024-03-09 01:31:09,YourValueHere,1.0,59,56,50,42
2024-03-09 01:31:09,YourValueHere,1.02,58,55,50,42
2024-03-09 01:31:09,YourValueHere,1.01,57,57,51,42
2024-03-09 01:31:09,YourValueHere,1.05,61,55,50,42
2024-03-09 01:31:09,YourValueHere,1.07,57,56,49,44
2024-03-09 01:31:09,YourValueHere,1.07,58,59,51,43
2024-03-09 01:31:09,YourValueHere,1.11,61,54,51,42
2024-03-09 01:31:09,YourValueHere,1.11,59,53,52,45
2024-03-09 01:31:09,YourValueHere,1.04,59,56,52,44
2024-03-09 01:31:09,YourValueHere,1.03,57,56,50,43
2024-03-09 01:31:09,YourValueHere,1.09,58,57,49,44
2024-03-09 01:31:09,YourValueHere,1.09,58,58,50,44
2024-03-09 01:31:09,YourValueHere,1.24,57,59,47,44
2024-03-09 01:31:09,YourValueHere,1.13,57,57,49,46
2024-03-09 01:31:09,YourValueHere,1.07,60,55,53,47
2024-03-09 01:31:09,YourValueHere,1.1,58,55,47,44
2024-03-09 01:31:09,YourValueHere,1.01,58,54,49,43
2024-03-09 01:31:09,YourValueHere,1.02,59,56,50,44
2024-03-09 01:31:09,YourValueHere,1.09,57,55,48,45
2024-03-09 01:31:09,YourValueHere,1.14,56,59,49,42
2024-03-09 01:31:09,YourValueHere,1.03,58,55,50,46
2024-03-09 01:31:09,YourValueHere,1.02,59,53,47,43
2024-03-09 01:31:09,YourValueHere,1.09,55,54,48,46
2024-03-09 01:31:09,YourValueHere,1.05,58,55,49,45
2024-03-09 01:31:09,YourValueHere,1.05,56,57,52,39
2024-03-09 01:31:09,YourValueHere,1.19,58,56,55,40
2024-03-09 01:31:09,YourValueHere,1.02,58,59,52,42
2024-03-09 01:31:09,YourValueHere,1.01,59,61,53,40
2024-03-09 01:31:09,YourValueHere,1.13,57,56,53,39
2024-03-09 01:31:09,YourValueHere,1.05,54,56,53,42
2024-03-09 01:31:09,YourValueHere,1.05,54,56,53,42
2024-03-09 01:31:09,YourValueHere,1.04,53,57,53,40
2024-03-09 01:31:09,YourValueHere,1.03,57,57,52,41
2024-03-09 01:31:09,YourValueHere,1.15,58,54,53,42
2024-03-09 01:31:09,YourValueHere,1.06,56,59,51,41
2024-03-09 01:31:09,YourValueHere,1.66,51,60,68,31
2024-03-09 01:31:09,YourValueHere,1.07,59,56,53,44
2024-03-09 01:31:09,YourValueHere,1.04,55,58,54,42
2024-03-09 01:31:09,YourValueHere,1.07,58,56,52,41
2024-03-09 01:31:09,YourValueHere,1.13,57,55,54,43
2024-03-09 01:31:09,YourValueHere,1.04,56,59,52,42
2024-03-09 01:31:09,YourValueHere,1.01,55,58,53,42
2024-03-09 01:31:09,YourValueHere,1.07,55,54,52,43
2024-03-09 01:31:09,YourValueHere,1.05,57,58,54,42
2024-03-09 01:31:09,YourValueHere,1.02,58,59,53,44
2024-03-09 01:31:09,YourValueHere,1.01,54,56,51,42
2024-03-09 01:31:09,YourValueHere,1.11,56,55,53,41
2024-03-09 01:31:09,YourValueHere,1.06,58,58,53,40
2024-03-09 01:31:09,YourValueHere,1.11,55,57,54,39
2024-03-09 01:31:09,YourValueHere,1.1,57,57,53,39
2024-03-09 01:31:09,YourValueHere,1.13,56,59,56,39
2024-03-09 01:31:09,YourValueHere,1.14,55,57,54,37
2024-03-09 01:31:09,YourValueHere,1.16,54,60,57,36
2024-03-09 01:31:09,YourValueHere,1.2,54,58,57,37
2024-03-09 01:31:09,YourValueHere,1.21,54,59,57,35
2024-03-09 01:31:09,YourValueHere,1.28,54,59,59,35
2024-03-09 01:31:09,YourValueHere,1.13,54,61,57,36
2024-03-09 01:31:09,YourValueHere,1.19,55,60,58,37
2024-03-09 01:31:09,YourValueHere,1.31,53,57,60,38
2024-03-09 01:31:09,YourValueHere,1.27,56,61,59,34
2024-03-09 01:31:09,YourValueHere,1.32,55,61,63,37
2024-03-09 01:31:09,YourValueHere,1.21,53,60,60,38
2024-03-09 01:31:09,YourValueHere,1.26,53,61,62,37
2024-03-09 01:31:09,YourValueHere,1.56,57,62,66,32
2024-03-09 01:31:09,YourValueHere,2.83,62,52,73,27
2024-03-09 01:31:09,YourValueHere,1.72,62,56,63,33
2024-03-09 01:31:09,YourValueHere,1.21,54,56,56,38
2024-03-09 01:31:09,YourValueHere,1.17,53,56,57,42
2024-03-09 01:31:09,YourValueHere,1.13,57,55,55,45
2024-03-09 01:31:09,YourValueHere,1.1,56,56,54,42
2024-03-09 01:31:09,YourValueHere,1.12,58,55,53,42
2024-03-09 01:31:09,YourValueHere,1.26,53,55,56,37
2024-03-09 01:31:09,YourValueHere,1.4,54,52,57,38
2024-03-09 01:31:09,YourValueHere,1.3,54,57,61,41
2024-03-09 01:31:09,YourValueHere,1.29,55,55,59,42
2024-03-09 01:31:09,YourValueHere,1.21,54,58,59,40
2024-03-09 01:31:09,YourValueHere,1.22,53,57,58,39
2024-03-09 01:31:09,YourValueHere,1.42,57,53,60,42
2024-03-09 01:31:09,YourValueHere,1.38,50,56,64,41
2024-03-09 01:31:09,YourValueHere,1.4,52,52,61,44
2024-03-09 01:31:09,YourValueHere,1.22,51,57,61,43
2024-03-09 01:31:09,YourValueHere,1.34,53,53,60,44
2024-03-09 01:31:09,YourValueHere,1.43,51,50,60,44
2024-03-09 01:31:09,YourValueHere,1.43,51,50,60,44
2024-03-09 01:31:09,YourValueHere,1.32,57,52,59,48
2024-03-09 01:31:09,YourValueHere,1.5,54,47,59,48
2024-03-09 01:31:09,YourValueHere,1.38,54,51,59,45
2024-03-09 01:31:09,YourValueHere,1.43,51,46,58,50
2024-03-09 01:31:09,YourValueHere,1.46,53,48,60,49
2024-03-09 01:31:09,YourValueHere,1.26,53,50,58,52
2024-03-09 01:31:09,YourValueHere,2.33,45,57,80,29
2024-03-09 01:31:09,YourValueHere,2.58,52,52,78,32
2024-03-09 01:31:09,YourValueHere,1.24,49,49,56,48
2024-03-09 01:31:09,YourValueHere,1.72,58,44,60,49
2024-03-09 01:31:09,YourValueHere,1.64,56,45,59,47
2024-03-09 01:31:09,YourValueHere,1.46,55,45,57,52
2024-03-09 01:31:09,YourValueHere,1.48,53,49,60,45
2024-03-09 01:31:09,YourValueHere,1.23,54,50,56,50
2024-03-09 01:31:09,YourValueHere,1.29,53,50,58,50
2024-03-09 01:31:09,YourValueHere,1.34,53,46,56,53
2024-03-09 01:31:09,YourValueHere,1.31,51,47,57,53
2024-03-09 01:31:09,YourValueHere,1.26,50,51,59,49
2024-03-09 01:31:09,YourValueHere,1.73,54,44,61,48
2024-03-09 01:31:09,YourValueHere,1.37,51,45,56,52
2024-03-09 01:31:09,YourValueHere,1.41,52,45,57,53
2024-03-09 01:31:09,YourValueHere,1.51,56,41,54,55
2024-03-09 01:31:09,YourValueHere,1.4,49,45,57,51
2024-03-09 01:31:09,YourValueHere,1.45,51,43,56,53
2024-03-09 01:31:09,YourValueHere,1.65,51,43,60,51
2024-03-09 01:31:09,YourValueHere,1.26,52,40,49,60
2024-03-09 01:31:09,YourValueHere,1.3,58,42,50,57
2024-03-09 01:31:09,YourValueHere,1.18,62,44,48,57
2024-03-09 01:31:09,YourValueHere,1.25,58,44,51,57
2024-03-09 01:31:09,YourValueHere,1.16,57,47,51,54
2024-03-09 01:31:09,YourValueHere,1.26,57,45,52,55
2024-03-09 01:31:09,YourValueHere,1.38,62,44,53,55
2024-03-09 01:31:09,YourValueHere,1.18,56,47,52,54
2024-03-09 01:31:09,YourValueHere,1.29,59,42,50,58
2024-03-09 01:31:09,YourValueHere,1.31,62,44,51,55
2024-03-09 01:31:09,YourValueHere,1.12,58,50,52,52
2024-03-09 01:31:09,YourValueHere,1.09,54,50,53,54
2024-03-09 01:31:09,YourValueHere,1.33,55,47,55,50
2024-03-09 01:31:09,YourValueHere,1.31,60,47,54,52
2024-03-09 01:31:09,YourValueHere,1.22,58,46,52,56
2024-03-09 01:31:09,YourValueHere,1.18,59,46,51,57
2024-03-09 01:31:09,YourValueHere,1.1,60,47,49,56
2024-03-09 01:31:09,YourValueHere,1.15,60,50,53,54
2024-03-09 01:31:09,YourValueHere,1.31,61,46,53,53
2024-03-09 01:31:09,YourValueHere,1.12,56,49,52,53
2024-03-09 01:31:09,YourValueHere,1.47,61,43,54,54
2024-03-09 01:31:09,YourValueHere,1.26,56,47,54,53
2024-03-09 01:31:09,YourValueHere,1.24,57,47,53,53
2024-03-09 01:31:09,YourValueHere,1.28,60,47,53,52
2024-03-09 01:31:09,YourValueHere,1.28,57,45,53,56
2024-03-09 01:31:09,YourValueHere,1.29,59,46,53,53
2024-03-09 01:31:09,YourValueHere,1.18,56,47,52,54
2024-03-09 01:31:09,YourValueHere,1.25,55,48,54,50
2024-03-09 01:31:09,YourValueHere,1.48,51,51,63,45
2024-03-09 01:31:09,YourValueHere,1.35,36,70,63,44
2024-03-09 01:31:09,YourValueHere,1.25,57,46,52,52
2024-03-09 01:31:09,YourValueHere,1.26,55,44,51,53
2024-03-09 01:31:09,YourValueHere,1.19,58,45,50,55
2024-03-09 01:31:09,YourValueHere,1.12,58,50,52,52
2024-03-09 01:31:09,YourValueHere,1.3,50,50,58,47
2024-03-09 01:31:09,YourValueHere,1.12,49,53,57,49
2024-03-09 01:31:09,YourValueHere,1.25,49,50,58,49
2024-03-09 01:31:09,YourValueHere,1.27,49,49,57,48
2024-03-09 01:31:09,YourValueHere,1.45,33,66,80,31
2024-03-09 01:31:09,YourValueHere,2.28,51,47,73,40
2024-03-09 01:31:09,YourValueHere,2.16,50,46,71,42
2024-03-09 01:31:09,YourValueHere,1.52,47,44,60,52
2024-03-09 01:31:09,YourValueHere,1.24,48,48,57,52
2024-03-09 01:31:09,YourValueHere,1.69,51,38,56,56
2024-03-09 01:31:09,YourValueHere,1.35,50,47,58,52
2024-03-09 01:31:09,YourValueHere,3.59,65,28,62,47
2024-03-09 01:31:09,YourValueHere,3.74,44,39,76,29
2024-03-09 01:31:09,YourValueHere,2.7,38,37,71,40
2024-03-09 01:31:09,YourValueHere,1.97,39,43,68,42
2024-03-09 01:31:09,YourValueHere,8.34,47,31,85,21
2024-03-09 01:31:09,YourValueHere,2.91,35,38,74,35
2024-03-09 01:31:09,YourValueHere,2.23,53,39,64,47
2024-03-09 01:31:09,YourValueHere,2.23,53,39,64,47
2024-03-09 01:31:09,YourValueHere,1.51,53,43,56,51
2024-03-09 01:31:09,YourValueHere,1.21,48,47,56,55
2024-03-09 01:31:09,YourValueHere,1.43,53,47,58,49
